{"sum_mse": 972.263671875, "sum_mae": 26.217296600341797, "counts_mae": 0.8966431617736816, "main_top5": 0.128, "main_top10": 0.292, "main_top15": 0.404, "euro_top2": 0.23, "euro_top4": 0.4}