{"portfolio": {"initial_capital": 10000.0, "final_capital": 9660.011646978863, "strat_return": -3.3998835302113783, "asset_return": 2.075801955305212, "max_drawdown": -5.866659810844076, "profit_factor": 0.8615138529098866}, "btcusdt": {"win_rate": 56.666666666666664, "trades": 38, "asset_return": -2.722373209267981, "strat_return": -2.927709992985683}, "ethusdt": {"win_rate": 53.333333333333336, "trades": 36, "asset_return": -1.6269757900070125, "strat_return": -1.461568669481983}, "solusdt": {"win_rate": 54.666666666666664, "trades": 35, "asset_return": 11.142308260676725, "strat_return": -5.760704516008208}}