{"portfolio": {"initial_capital": 10000.0, "final_capital": 9979.846540836734, "strat_return": -0.2015345916326572, "asset_return": 1.9222430057705742, "max_drawdown": -3.558231779697083, "profit_factor": 0.9900200452220013}, "btcusdt": {"win_rate": 61.33333333333333, "trades": 38, "asset_return": -2.873449946620721, "strat_return": -1.2219098101359571}, "ethusdt": {"win_rate": 51.33333333333333, "trades": 25, "asset_return": -1.6991115474140117, "strat_return": 0.22388900098657682}, "solusdt": {"win_rate": 55.333333333333336, "trades": 39, "asset_return": 10.894884269497297, "strat_return": 0.40138733305974394}}