{"portfolio": {"initial_capital": 10000.0, "final_capital": 9448.246971791114, "strat_return": -5.517530282088856, "asset_return": -1.5283079812815847, "max_drawdown": -7.2869620973142455, "profit_factor": 0.8022873714656783}, "btcusdt": {"win_rate": 58.666666666666664, "trades": 28, "asset_return": -5.228931673385329, "strat_return": 1.0996433921754312}, "ethusdt": {"win_rate": 54.0, "trades": 25, "asset_return": -4.7936889574698665, "strat_return": -7.913069125269301}, "solusdt": {"win_rate": 44.0, "trades": 29, "asset_return": 5.826074539483006, "strat_return": -9.404612195601558}}