{"win_rate": 55.333333333333336, "total_trades": 35, "btc_return": -5.6677076569147005, "strat_return": -7.460819292091303, "max_drawdown": -9.295696879612292, "profit_factor": 0.7567737861022752, "initial_capital": 10000.0, "final_capital": 9253.918070790869, "history_equity": [10005.964176376092, 10055.097168312757, 10038.276430422535, 10032.255271092716, 10032.255271092716, 10032.255271092716, 10032.255271092716, 10032.255271092716, 10007.740367591105, 9969.419852456946, 10045.421941247409, 9997.8048276105, 9791.826068688066, 9755.869637021959, 9622.18710631844, 9553.27726793214, 9482.211002058084, 9515.627641349713, 9571.934359085395, 9732.260749415344, 9756.045345928364, 9719.913205355846, 9675.72303177031, 9718.621753121275, 9702.691418047578, 9722.444499835035, 9707.745791729076, 9633.43699784626, 9595.507308326096, 9575.381387122474, 9546.491777596855, 9576.964754205319, 9574.574381849943, 9646.887300330955, 9644.509136601027, 9638.724166783562, 9169.64123766288, 9354.546292383586, 9369.860611267082, 9329.583795210696, 9388.527396668738, 9361.990971553048, 9332.652954699166, 9353.853764088759, 9471.945577637387, 9518.69759312283, 9525.959969208854, 9548.10195874967, 9583.573041807447, 9726.42084320962, 9488.445814379415, 9459.993017934827, 9445.604197766519, 9385.311807328093, 9356.249878293544, 9398.451000713132, 9478.493882421324, 9544.91690849502, 9529.19868239245, 9481.022662979796, 9475.335755624823, 9379.052411862927, 9255.08033429096, 9249.528951671713, 9246.415309480395, 9300.953536263149, 9286.737918115468, 9293.754655817123, 9263.894355434044, 9244.273576652955, 9234.502007670395, 9240.839631191038, 9258.019467490183, 9207.22062736444, 9203.279729443084, 9212.939397940454, 9214.056457297711, 9193.274639353589, 9165.509022753782, 9181.66495210267, 9186.134935387765, 9180.62490760017, 9180.62490760017, 9180.62490760017, 9198.14845839358, 9202.85781512335, 9197.33775661743, 9197.33775661743, 9236.055193737573, 9229.906022503395, 9159.546218372712, 9179.269124849281, 9163.262349013856, 9168.242573274734, 9137.310354700297, 9156.165148691016, 9166.948019567779, 9155.799627644348, 9163.871550758317, 9162.17010192174, 9185.750070143038, 9183.850630772084, 9206.794905487948, 9173.105916203089, 9189.737712704555, 9203.827339834917, 9175.691157689818, 9183.806104961288, 9218.159818600368, 9224.689348471873, 9245.924154279537, 9277.680366163273, 9272.115427592094, 9270.941790294657, 9265.380893656298, 9233.172425948786, 9227.634184131908, 9281.364784772768, 9201.36323072739, 9188.340716076988, 9223.88453724616, 9173.573113621585, 9129.721081199514, 9163.570488579644, 9120.405814595924, 9125.600567161664, 9134.134610936873, 9162.17615111601, 9126.13252769524, 9122.410105835741, 9142.60835723679, 9143.233842298521, 9137.749547446127, 9137.749547446127, 9186.502818293407, 9197.733768955237, 9277.902169165043, 9260.80224018201, 9255.247425448966, 9269.000702045932, 9240.761418132783, 9260.68886816593, 9276.988566293343, 9342.202800775372, 9336.599160355143, 9331.419406848976, 9280.738267875282, 9260.911258067812, 9253.918070790869]}